Lake,name_display,island_oikos,in_oikos_core_19,in_focus_23,match_status,group,period,Year,n_taxa_mean,n_taxa_max,n_seasons
Azul,Azul,Sao Miguel,True,True,matched,diatom,2015,2015,29.0,29,1
Azul,Azul,Sao Miguel,True,True,matched,diatom,2016,2016,38.25,40,3
Azul,Azul,Sao Miguel,True,True,matched,diatom,2017_2018,2017,21.0,21,1
Azul,Azul,Sao Miguel,True,True,matched,diatom,2017_2018,2018,26.0,32,3
Azul,Azul,Sao Miguel,True,True,matched,diatom,2024,2024,33.0,42,4
Azul,Azul,Sao Miguel,True,True,matched,diatom,2025,2025,25.5,29,4
Azul,Azul,Sao Miguel,True,True,matched,diatom,historical,2003,39.0,39,1
Azul,Azul,Sao Miguel,True,True,matched,diatom,historical,2004,44.33,45,3
Azul,Azul,Sao Miguel,True,True,matched,diatom,historical,2005,44.67,56,3
Azul,Azul,Sao Miguel,True,True,matched,diatom,historical,2006,39.33,44,3
Azul,Azul,Sao Miguel,True,True,matched,diatom,historical,2007,35.0,35,1
Azul,Azul,Sao Miguel,True,True,matched,diatom,historical,2008,36.25,50,4
Azul,Azul,Sao Miguel,True,True,matched,diatom,historical,2009,28.5,31,2
Azul,Azul,Sao Miguel,True,True,matched,diatom,historical,2010,36.25,41,4
Azul,Azul,Sao Miguel,True,True,matched,diatom,historical,2011,35.25,39,4
Azul,Azul,Sao Miguel,True,True,matched,diatom,historical,2012,32.0,35,4
Azul,Azul,Sao Miguel,True,True,matched,macro,2018,2018,10.0,10,1
Azul,Azul,Sao Miguel,True,True,matched,macro,2024,2024,9.25,12,4
Azul,Azul,Sao Miguel,True,True,matched,macro,2025,2025,9.75,12,4
Azul,Azul,Sao Miguel,True,True,matched,macro,historical,2003,3.0,3,1
Azul,Azul,Sao Miguel,True,True,matched,macro,historical,2004,6.33,7,3
Azul,Azul,Sao Miguel,True,True,matched,macro,historical,2005,11.67,14,3
Azul,Azul,Sao Miguel,True,True,matched,macro,historical,2006,12.67,15,3
Azul,Azul,Sao Miguel,True,True,matched,macro,historical,2008,12.75,15,4
Azul,Azul,Sao Miguel,True,True,matched,macro,historical,2009,13.0,15,2
Azul,Azul,Sao Miguel,True,True,matched,macro,historical,2010,15.5,20,4
Azul,Azul,Sao Miguel,True,True,matched,macro,historical,2011,14.5,19,4
Azul,Azul,Sao Miguel,True,True,matched,macro,historical,2012,11.75,16,4
Azul,Azul,Sao Miguel,True,True,matched,macrophyte,historical,2010,9.0,9,1
Azul,Azul,Sao Miguel,True,True,matched,macrophyte,historical,2011,7.0,7,1
Azul,Azul,Sao Miguel,True,True,matched,macrophyte,historical,2012,10.0,10,1
Azul,Azul,Sao Miguel,True,True,matched,phyto,2018,2018,23.5,26,4
Azul,Azul,Sao Miguel,True,True,matched,phyto,2024,2024,13.5,21,4
Azul,Azul,Sao Miguel,True,True,matched,phyto,2025,2025,7.75,9,4
Azul,Azul,Sao Miguel,True,True,matched,phyto,historical,2003,24.0,24,1
Azul,Azul,Sao Miguel,True,True,matched,phyto,historical,2004,26.33,28,3
Azul,Azul,Sao Miguel,True,True,matched,phyto,historical,2005,28.33,32,3
Azul,Azul,Sao Miguel,True,True,matched,phyto,historical,2006,19.33,25,3
Azul,Azul,Sao Miguel,True,True,matched,phyto,historical,2007,14.0,14,1
Azul,Azul,Sao Miguel,True,True,matched,phyto,historical,2008,23.5,26,4
Azul,Azul,Sao Miguel,True,True,matched,phyto,historical,2009,16.5,17,2
Azul,Azul,Sao Miguel,True,True,matched,phyto,historical,2010,25.25,33,4
Azul,Azul,Sao Miguel,True,True,matched,phyto,historical,2011,28.5,33,4
Azul,Azul,Sao Miguel,True,True,matched,phyto,historical,2012,24.75,29,4
Azul,Azul,Sao Miguel,True,True,matched,zoo,2025,2025,5.0,5,1
Azul,Azul,Sao Miguel,True,True,matched,zoo,historical,2011,14.0,19,2
Azul,Azul,Sao Miguel,True,True,matched,zoo,historical,2012,12.0,13,2
Branca,Branca,Flores,False,False,historical_only,diatom,historical,2006,17.0,23,2
Branca,Branca,Flores,False,False,historical_only,diatom,historical,2008,14.5,18,2
Branca,Branca,Flores,False,False,historical_only,macro,historical,2006,3.0,3,1
Branca,Branca,Flores,False,False,historical_only,macro,historical,2008,6.0,6,1
Branca,Branca,Flores,False,False,historical_only,macrophyte,historical,2008,7.0,7,1
Branca,Branca,Flores,False,False,historical_only,phyto,historical,2006,40.0,42,2
Branca,Branca,Flores,False,False,historical_only,phyto,historical,2008,36.5,38,2
Caiado,Caiado,Pico,True,True,matched,diatom,2015,2015,23.0,23,1
Caiado,Caiado,Pico,True,True,matched,diatom,2016,2016,25.5,32,3
Caiado,Caiado,Pico,True,True,matched,diatom,2017,2017,26.0,26,1
Caiado,Caiado,Pico,True,True,matched,diatom,2017_2018,2017,21.0,21,1
Caiado,Caiado,Pico,True,True,matched,diatom,2017_2018,2018,21.5,24,2
Caiado,Caiado,Pico,True,True,matched,diatom,2024,2024,26.0,34,4
Caiado,Caiado,Pico,True,True,matched,diatom,2025,2025,25.0,28,4
Caiado,Caiado,Pico,True,True,matched,diatom,historical,2004,31.0,31,1
Caiado,Caiado,Pico,True,True,matched,diatom,historical,2005,28.0,31,3
Caiado,Caiado,Pico,True,True,matched,diatom,historical,2006,26.5,31,2
Caiado,Caiado,Pico,True,True,matched,diatom,historical,2008,33.5,51,2
Caiado,Caiado,Pico,True,True,matched,diatom,historical,2009,14.5,22,2
Caiado,Caiado,Pico,True,True,matched,diatom,historical,2010,21.0,25,4
Caiado,Caiado,Pico,True,True,matched,diatom,historical,2011,27.25,28,4
Caiado,Caiado,Pico,True,True,matched,diatom,historical,2012,22.5,28,4
Caiado,Caiado,Pico,True,True,matched,macro,2018,2018,13.0,13,1
Caiado,Caiado,Pico,True,True,matched,macro,2024,2024,6.25,10,4
Caiado,Caiado,Pico,True,True,matched,macro,2025,2025,7.5,12,4
Caiado,Caiado,Pico,True,True,matched,macro,historical,2004,5.0,5,1
Caiado,Caiado,Pico,True,True,matched,macro,historical,2005,7.0,13,3
Caiado,Caiado,Pico,True,True,matched,macro,historical,2006,6.0,6,1
Caiado,Caiado,Pico,True,True,matched,macro,historical,2008,8.75,10,4
Caiado,Caiado,Pico,True,True,matched,macro,historical,2009,8.5,9,2
Caiado,Caiado,Pico,True,True,matched,macro,historical,2010,3.5,5,4
Caiado,Caiado,Pico,True,True,matched,macro,historical,2011,4.75,8,4
Caiado,Caiado,Pico,True,True,matched,macro,historical,2012,7.0,9,4
Caiado,Caiado,Pico,True,True,matched,macrophyte,historical,2008,6.0,6,1
Caiado,Caiado,Pico,True,True,matched,macrophyte,historical,2010,9.0,9,1
Caiado,Caiado,Pico,True,True,matched,macrophyte,historical,2011,15.0,15,1
Caiado,Caiado,Pico,True,True,matched,macrophyte,historical,2012,12.0,12,1
Caiado,Caiado,Pico,True,True,matched,phyto,2018,2018,20.5,23,4
Caiado,Caiado,Pico,True,True,matched,phyto,2024,2024,14.0,21,4
Caiado,Caiado,Pico,True,True,matched,phyto,2025,2025,6.25,9,4
Caiado,Caiado,Pico,True,True,matched,phyto,historical,2004,18.0,18,1
Caiado,Caiado,Pico,True,True,matched,phyto,historical,2005,20.67,25,3
Caiado,Caiado,Pico,True,True,matched,phyto,historical,2006,17.5,20,4
Caiado,Caiado,Pico,True,True,matched,phyto,historical,2008,23.75,32,4
Caiado,Caiado,Pico,True,True,matched,phyto,historical,2009,20.0,22,2
Caiado,Caiado,Pico,True,True,matched,phyto,historical,2010,17.25,24,4
Caiado,Caiado,Pico,True,True,matched,phyto,historical,2011,22.75,26,4
Caiado,Caiado,Pico,True,True,matched,phyto,historical,2012,17.0,20,4
Caiado,Caiado,Pico,True,True,matched,zoo,2025,2025,6.0,6,1
Caiado,Caiado,Pico,True,True,matched,zoo,historical,2011,18.0,18,1
Caldeirao,Caldeirão,Corvo,True,True,matched,diatom,2015,2015,26.0,26,1
Caldeirao,Caldeirão,Corvo,True,True,matched,diatom,2016,2016,26.0,35,3
Caldeirao,Caldeirão,Corvo,True,True,matched,diatom,2017,2017,39.0,39,1
Caldeirao,Caldeirão,Corvo,True,True,matched,diatom,2017_2018,2017,26.0,26,1
Caldeirao,Caldeirão,Corvo,True,True,matched,diatom,2017_2018,2018,29.0,30,2
Caldeirao,Caldeirão,Corvo,True,True,matched,diatom,2024,2024,22.0,28,4
Caldeirao,Caldeirão,Corvo,True,True,matched,diatom,2025,2025,22.67,25,3
Caldeirao,Caldeirão,Corvo,True,True,matched,diatom,historical,2006,31.33,39,3
Caldeirao,Caldeirão,Corvo,True,True,matched,diatom,historical,2008,29.0,29,2
Caldeirao,Caldeirão,Corvo,True,True,matched,diatom,historical,2009,25.0,26,2
Caldeirao,Caldeirão,Corvo,True,True,matched,diatom,historical,2010,54.0,54,1
Caldeirao,Caldeirão,Corvo,True,True,matched,diatom,historical,2011,36.25,40,4
Caldeirao,Caldeirão,Corvo,True,True,matched,diatom,historical,2012,33.5,42,4
Caldeirao,Caldeirão,Corvo,True,True,matched,macro,2018,2018,5.0,5,1
Caldeirao,Caldeirão,Corvo,True,True,matched,macro,2024,2024,7.75,9,4
Caldeirao,Caldeirão,Corvo,True,True,matched,macro,2025,2025,5.67,6,3
Caldeirao,Caldeirão,Corvo,True,True,matched,macro,historical,2006,6.0,8,2
Caldeirao,Caldeirão,Corvo,True,True,matched,macro,historical,2008,4.0,6,2
Caldeirao,Caldeirão,Corvo,True,True,matched,macro,historical,2009,3.5,4,2
Caldeirao,Caldeirão,Corvo,True,True,matched,macro,historical,2010,6.0,7,2
Caldeirao,Caldeirão,Corvo,True,True,matched,macro,historical,2011,8.25,11,4
Caldeirao,Caldeirão,Corvo,True,True,matched,macro,historical,2012,9.0,11,4
Caldeirao,Caldeirão,Corvo,True,True,matched,macrophyte,historical,2008,13.0,13,1
Caldeirao,Caldeirão,Corvo,True,True,matched,macrophyte,historical,2010,2.0,2,1
Caldeirao,Caldeirão,Corvo,True,True,matched,macrophyte,historical,2011,7.0,7,1
Caldeirao,Caldeirão,Corvo,True,True,matched,macrophyte,historical,2012,12.0,12,1
Caldeirao,Caldeirão,Corvo,True,True,matched,phyto,2018,2018,28.5,32,4
Caldeirao,Caldeirão,Corvo,True,True,matched,phyto,2024,2024,17.5,25,4
Caldeirao,Caldeirão,Corvo,True,True,matched,phyto,2025,2025,10.33,12,3
Caldeirao,Caldeirão,Corvo,True,True,matched,phyto,historical,2006,11.67,15,3
Caldeirao,Caldeirão,Corvo,True,True,matched,phyto,historical,2008,25.0,27,2
Caldeirao,Caldeirão,Corvo,True,True,matched,phyto,historical,2009,20.5,22,2
Caldeirao,Caldeirão,Corvo,True,True,matched,phyto,historical,2010,23.0,26,2
Caldeirao,Caldeirão,Corvo,True,True,matched,phyto,historical,2011,15.0,20,4
Caldeirao,Caldeirão,Corvo,True,True,matched,phyto,historical,2012,19.0,25,4
Caldeirao,Caldeirão,Corvo,True,True,matched,zoo,2025,2025,0.0,0,1
Caldeirao,Caldeirão,Corvo,True,True,matched,zoo,historical,2011,15.0,15,1
Canario,Canário,Sao Miguel,True,True,matched,diatom,2015,2015,32.0,32,1
Canario,Canário,Sao Miguel,True,True,matched,diatom,2016,2016,29.25,34,3
Canario,Canário,Sao Miguel,True,True,matched,diatom,2017_2018,2017,24.0,24,1
Canario,Canário,Sao Miguel,True,True,matched,diatom,2017_2018,2018,23.67,30,3
Canario,Canário,Sao Miguel,True,True,matched,diatom,2024,2024,25.25,37,4
Canario,Canário,Sao Miguel,True,True,matched,diatom,2025,2025,34.5,43,4
Canario,Canário,Sao Miguel,True,True,matched,diatom,historical,2003,33.0,33,1
Canario,Canário,Sao Miguel,True,True,matched,diatom,historical,2004,27.33,29,3
Canario,Canário,Sao Miguel,True,True,matched,diatom,historical,2005,24.5,26,2
Canario,Canário,Sao Miguel,True,True,matched,diatom,historical,2006,25.67,28,3
Canario,Canário,Sao Miguel,True,True,matched,diatom,historical,2007,34.0,34,1
Canario,Canário,Sao Miguel,True,True,matched,diatom,historical,2008,25.5,26,2
Canario,Canário,Sao Miguel,True,True,matched,diatom,historical,2009,26.5,28,2
Canario,Canário,Sao Miguel,True,True,matched,diatom,historical,2010,31.5,35,4
Canario,Canário,Sao Miguel,True,True,matched,diatom,historical,2011,34.0,41,4
Canario,Canário,Sao Miguel,True,True,matched,diatom,historical,2012,30.5,40,4
Canario,Canário,Sao Miguel,True,True,matched,macro,2018,2018,7.0,7,1
Canario,Canário,Sao Miguel,True,True,matched,macro,2024,2024,4.0,7,4
Canario,Canário,Sao Miguel,True,True,matched,macro,2025,2025,4.75,5,4
Canario,Canário,Sao Miguel,True,True,matched,macro,historical,2003,4.0,4,1
Canario,Canário,Sao Miguel,True,True,matched,macro,historical,2004,2.67,4,3
Canario,Canário,Sao Miguel,True,True,matched,macro,historical,2005,7.0,8,3
Canario,Canário,Sao Miguel,True,True,matched,macro,historical,2006,5.67,7,3
Canario,Canário,Sao Miguel,True,True,matched,macro,historical,2008,6.33,9,3
Canario,Canário,Sao Miguel,True,True,matched,macro,historical,2009,7.5,9,2
Canario,Canário,Sao Miguel,True,True,matched,macro,historical,2010,4.0,6,4
Canario,Canário,Sao Miguel,True,True,matched,macro,historical,2011,4.75,9,4
Canario,Canário,Sao Miguel,True,True,matched,macro,historical,2012,4.33,7,3
Canario,Canário,Sao Miguel,True,True,matched,macrophyte,historical,2008,3.0,3,1
Canario,Canário,Sao Miguel,True,True,matched,macrophyte,historical,2010,5.0,5,1
Canario,Canário,Sao Miguel,True,True,matched,macrophyte,historical,2011,10.0,10,1
Canario,Canário,Sao Miguel,True,True,matched,macrophyte,historical,2012,12.0,12,1
Canario,Canário,Sao Miguel,True,True,matched,phyto,2018,2018,15.5,17,4
Canario,Canário,Sao Miguel,True,True,matched,phyto,2024,2024,9.25,14,4
Canario,Canário,Sao Miguel,True,True,matched,phyto,2025,2025,6.5,9,4
Canario,Canário,Sao Miguel,True,True,matched,phyto,historical,2003,27.0,27,1
Canario,Canário,Sao Miguel,True,True,matched,phyto,historical,2004,27.33,29,3
Canario,Canário,Sao Miguel,True,True,matched,phyto,historical,2005,35.0,37,2
Canario,Canário,Sao Miguel,True,True,matched,phyto,historical,2006,26.67,37,3
Canario,Canário,Sao Miguel,True,True,matched,phyto,historical,2007,24.0,24,1
Canario,Canário,Sao Miguel,True,True,matched,phyto,historical,2008,32.0,34,3
Canario,Canário,Sao Miguel,True,True,matched,phyto,historical,2009,29.5,34,2
Canario,Canário,Sao Miguel,True,True,matched,phyto,historical,2010,25.25,27,4
Canario,Canário,Sao Miguel,True,True,matched,phyto,historical,2011,25.0,30,4
Canario,Canário,Sao Miguel,True,True,matched,phyto,historical,2012,26.25,27,4
Canario,Canário,Sao Miguel,True,True,matched,zoo,2025,2025,4.0,4,1
Canario,Canário,Sao Miguel,True,True,matched,zoo,historical,2011,9.0,9,1
Capitao,Capitão,Pico,True,True,matched,diatom,2015,2015,19.0,19,1
Capitao,Capitão,Pico,True,True,matched,diatom,2016,2016,24.5,27,3
Capitao,Capitão,Pico,True,True,matched,diatom,2017,2017,24.0,24,1
Capitao,Capitão,Pico,True,True,matched,diatom,2017_2018,2017,21.0,21,1
Capitao,Capitão,Pico,True,True,matched,diatom,2017_2018,2018,27.5,34,2
Capitao,Capitão,Pico,True,True,matched,diatom,2024,2024,29.5,33,4
Capitao,Capitão,Pico,True,True,matched,diatom,2025,2025,22.25,25,4
Capitao,Capitão,Pico,True,True,matched,diatom,historical,2004,40.0,40,1
Capitao,Capitão,Pico,True,True,matched,diatom,historical,2005,27.67,30,3
Capitao,Capitão,Pico,True,True,matched,diatom,historical,2006,28.5,31,4
Capitao,Capitão,Pico,True,True,matched,diatom,historical,2008,28.75,41,4
Capitao,Capitão,Pico,True,True,matched,diatom,historical,2009,20.0,26,2
Capitao,Capitão,Pico,True,True,matched,diatom,historical,2010,22.0,23,2
Capitao,Capitão,Pico,True,True,matched,diatom,historical,2011,25.75,35,4
Capitao,Capitão,Pico,True,True,matched,diatom,historical,2012,25.5,33,4
Capitao,Capitão,Pico,True,True,matched,macro,2018,2018,7.0,7,1
Capitao,Capitão,Pico,True,True,matched,macro,2024,2024,4.5,9,4
Capitao,Capitão,Pico,True,True,matched,macro,2025,2025,4.67,7,3
Capitao,Capitão,Pico,True,True,matched,macro,historical,2004,1.0,1,1
Capitao,Capitão,Pico,True,True,matched,macro,historical,2005,2.5,4,2
Capitao,Capitão,Pico,True,True,matched,macro,historical,2006,4.5,8,2
Capitao,Capitão,Pico,True,True,matched,macro,historical,2008,5.5,9,4
Capitao,Capitão,Pico,True,True,matched,macro,historical,2009,2.0,3,2
Capitao,Capitão,Pico,True,True,matched,macro,historical,2010,3.25,5,4
Capitao,Capitão,Pico,True,True,matched,macro,historical,2011,3.75,6,4
Capitao,Capitão,Pico,True,True,matched,macro,historical,2012,6.5,11,4
Capitao,Capitão,Pico,True,True,matched,macrophyte,historical,2008,4.0,4,1
Capitao,Capitão,Pico,True,True,matched,macrophyte,historical,2010,6.0,6,1
Capitao,Capitão,Pico,True,True,matched,macrophyte,historical,2011,3.0,3,1
Capitao,Capitão,Pico,True,True,matched,macrophyte,historical,2012,13.0,13,1
Capitao,Capitão,Pico,True,True,matched,phyto,2018,2018,19.5,23,4
Capitao,Capitão,Pico,True,True,matched,phyto,2024,2024,15.75,21,4
Capitao,Capitão,Pico,True,True,matched,phyto,2025,2025,7.5,9,4
Capitao,Capitão,Pico,True,True,matched,phyto,historical,2004,26.0,26,1
Capitao,Capitão,Pico,True,True,matched,phyto,historical,2005,29.33,33,3
Capitao,Capitão,Pico,True,True,matched,phyto,historical,2006,16.5,19,4
Capitao,Capitão,Pico,True,True,matched,phyto,historical,2008,24.0,28,4
Capitao,Capitão,Pico,True,True,matched,phyto,historical,2009,20.5,21,2
Capitao,Capitão,Pico,True,True,matched,phyto,historical,2010,21.75,27,4
Capitao,Capitão,Pico,True,True,matched,phyto,historical,2011,21.0,23,4
Capitao,Capitão,Pico,True,True,matched,phyto,historical,2012,24.25,28,4
Capitao,Capitão,Pico,True,True,matched,zoo,2025,2025,4.0,4,1
Capitao,Capitão,Pico,True,True,matched,zoo,historical,2011,11.0,11,1
Caveiro,Caveiro,,False,False,unmatched,macro,2018,2018,0.0,0,1
Comprida,Comprida,Flores,True,True,matched,diatom,2015,2015,27.0,27,1
Comprida,Comprida,Flores,True,True,matched,diatom,2016,2016,26.33,32,3
Comprida,Comprida,Flores,True,True,matched,diatom,2017,2017,29.0,29,1
Comprida,Comprida,Flores,True,True,matched,diatom,2017_2018,2017,22.0,22,1
Comprida,Comprida,Flores,True,True,matched,diatom,2017_2018,2018,26.0,27,2
Comprida,Comprida,Flores,True,True,matched,diatom,2024,2024,29.5,37,4
Comprida,Comprida,Flores,True,True,matched,diatom,2025,2025,31.5,34,4
Comprida,Comprida,Flores,True,True,matched,diatom,historical,2004,36.0,36,1
Comprida,Comprida,Flores,True,True,matched,diatom,historical,2006,29.5,31,2
Comprida,Comprida,Flores,True,True,matched,diatom,historical,2008,17.5,19,2
Comprida,Comprida,Flores,True,True,matched,diatom,historical,2009,28.0,28,1
Comprida,Comprida,Flores,True,True,matched,diatom,historical,2010,22.0,25,2
Comprida,Comprida,Flores,True,True,matched,diatom,historical,2011,35.67,38,3
Comprida,Comprida,Flores,True,True,matched,diatom,historical,2012,32.5,38,4
Comprida,Comprida,Flores,True,True,matched,macro,2018,2018,4.0,4,1
Comprida,Comprida,Flores,True,True,matched,macro,2024,2024,5.25,8,4
Comprida,Comprida,Flores,True,True,matched,macro,2025,2025,3.0,5,4
Comprida,Comprida,Flores,True,True,matched,macro,historical,2004,5.0,5,1
Comprida,Comprida,Flores,True,True,matched,macro,historical,2006,1.0,1,1
Comprida,Comprida,Flores,True,True,matched,macro,historical,2008,2.0,2,1
Comprida,Comprida,Flores,True,True,matched,macro,historical,2010,1.0,1,2
Comprida,Comprida,Flores,True,True,matched,macro,historical,2011,3.33,5,3
Comprida,Comprida,Flores,True,True,matched,macro,historical,2012,2.67,5,3
Comprida,Comprida,Flores,True,True,matched,macrophyte,historical,2010,3.0,3,1
Comprida,Comprida,Flores,True,True,matched,macrophyte,historical,2011,8.0,8,1
Comprida,Comprida,Flores,True,True,matched,macrophyte,historical,2012,13.0,13,1
Comprida,Comprida,Flores,True,True,matched,phyto,2018,2018,17.0,26,4
Comprida,Comprida,Flores,True,True,matched,phyto,2024,2024,8.75,12,4
Comprida,Comprida,Flores,True,True,matched,phyto,2025,2025,7.0,8,4
Comprida,Comprida,Flores,True,True,matched,phyto,historical,2005,20.5,21,2
Comprida,Comprida,Flores,True,True,matched,phyto,historical,2006,16.0,16,2
Comprida,Comprida,Flores,True,True,matched,phyto,historical,2008,21.5,24,2
Comprida,Comprida,Flores,True,True,matched,phyto,historical,2009,20.0,20,1
Comprida,Comprida,Flores,True,True,matched,phyto,historical,2010,17.0,18,2
Comprida,Comprida,Flores,True,True,matched,phyto,historical,2011,19.5,23,4
Comprida,Comprida,Flores,True,True,matched,phyto,historical,2012,15.0,18,4
Comprida,Comprida,Flores,True,True,matched,zoo,2025,2025,4.0,4,1
Comprida,Comprida,Flores,True,True,matched,zoo,historical,2011,6.0,8,2
Comprida,Comprida,Flores,True,True,matched,zoo,historical,2012,11.0,11,2
Congro,Congro,Sao Miguel,True,True,matched,diatom,2015,2015,27.0,27,1
Congro,Congro,Sao Miguel,True,True,matched,diatom,2016,2016,30.67,33,2
Congro,Congro,Sao Miguel,True,True,matched,diatom,2017_2018,2017,25.0,25,1
Congro,Congro,Sao Miguel,True,True,matched,diatom,2017_2018,2018,16.33,17,3
Congro,Congro,Sao Miguel,True,True,matched,diatom,2024,2024,27.0,34,4
Congro,Congro,Sao Miguel,True,True,matched,diatom,2025,2025,26.25,28,4
Congro,Congro,Sao Miguel,True,True,matched,diatom,historical,2003,20.0,20,1
Congro,Congro,Sao Miguel,True,True,matched,diatom,historical,2004,24.5,32,2
Congro,Congro,Sao Miguel,True,True,matched,diatom,historical,2005,18.5,22,2
Congro,Congro,Sao Miguel,True,True,matched,diatom,historical,2006,21.33,27,3
Congro,Congro,Sao Miguel,True,True,matched,diatom,historical,2008,16.67,17,3
Congro,Congro,Sao Miguel,True,True,matched,diatom,historical,2009,19.5,22,2
Congro,Congro,Sao Miguel,True,True,matched,diatom,historical,2010,25.25,32,4
Congro,Congro,Sao Miguel,True,True,matched,diatom,historical,2011,30.33,32,3
Congro,Congro,Sao Miguel,True,True,matched,diatom,historical,2012,25.25,31,4
Congro,Congro,Sao Miguel,True,True,matched,macro,2018,2018,5.0,5,1
Congro,Congro,Sao Miguel,True,True,matched,macro,2024,2024,3.5,6,4
Congro,Congro,Sao Miguel,True,True,matched,macro,2025,2025,4.25,6,4
Congro,Congro,Sao Miguel,True,True,matched,macro,historical,2003,2.0,2,1
Congro,Congro,Sao Miguel,True,True,matched,macro,historical,2004,3.5,4,2
Congro,Congro,Sao Miguel,True,True,matched,macro,historical,2005,2.0,2,2
Congro,Congro,Sao Miguel,True,True,matched,macro,historical,2006,3.0,4,2
Congro,Congro,Sao Miguel,True,True,matched,macro,historical,2008,9.5,11,2
Congro,Congro,Sao Miguel,True,True,matched,macro,historical,2009,8.5,11,2
Congro,Congro,Sao Miguel,True,True,matched,macro,historical,2010,5.25,9,4
Congro,Congro,Sao Miguel,True,True,matched,macro,historical,2011,7.25,9,4
Congro,Congro,Sao Miguel,True,True,matched,macro,historical,2012,10.0,13,4
Congro,Congro,Sao Miguel,True,True,matched,macrophyte,historical,2011,6.0,6,1
Congro,Congro,Sao Miguel,True,True,matched,macrophyte,historical,2012,6.0,6,1
Congro,Congro,Sao Miguel,True,True,matched,phyto,2018,2018,19.75,23,4
Congro,Congro,Sao Miguel,True,True,matched,phyto,2024,2024,11.75,18,4
Congro,Congro,Sao Miguel,True,True,matched,phyto,2025,2025,7.25,9,4
Congro,Congro,Sao Miguel,True,True,matched,phyto,historical,2003,27.0,27,1
Congro,Congro,Sao Miguel,True,True,matched,phyto,historical,2004,21.67,23,3
Congro,Congro,Sao Miguel,True,True,matched,phyto,historical,2005,20.0,23,2
Congro,Congro,Sao Miguel,True,True,matched,phyto,historical,2006,19.33,27,3
Congro,Congro,Sao Miguel,True,True,matched,phyto,historical,2007,19.0,19,1
Congro,Congro,Sao Miguel,True,True,matched,phyto,historical,2008,23.33,29,3
Congro,Congro,Sao Miguel,True,True,matched,phyto,historical,2009,22.0,24,2
Congro,Congro,Sao Miguel,True,True,matched,phyto,historical,2010,23.75,27,4
Congro,Congro,Sao Miguel,True,True,matched,phyto,historical,2011,16.25,22,4
Congro,Congro,Sao Miguel,True,True,matched,phyto,historical,2012,19.0,25,4
Congro,Congro,Sao Miguel,True,True,matched,zoo,2025,2025,6.0,6,1
Congro,Congro,Sao Miguel,True,True,matched,zoo,historical,2011,8.0,11,2
Congro,Congro,Sao Miguel,True,True,matched,zoo,historical,2012,10.0,12,2
Cubres Este,Cubres Este,Sao Jorge,False,False,recent_only,macro,2024,2024,3.0,3,2
Cubres Este,Cubres Este,Sao Jorge,False,False,recent_only,macro,2025,2025,2.0,2,1
Cubres Este,Cubres Este,Sao Jorge,False,False,recent_only,phyto,2018,2018,6.0,6,2
Cubres Este,Cubres Este,Sao Jorge,False,False,recent_only,phyto,2024,2024,3.5,4,2
Cubres Este,Cubres Este,Sao Jorge,False,False,recent_only,phyto,2025,2025,3.0,3,1
Cubres Este,Cubres Este,Sao Jorge,False,False,recent_only,zoo,2025,2025,1.0,1,1
Cubres Oeste,Cubres Oeste,Sao Jorge,False,False,recent_only,macro,2024,2024,3.0,3,2
Cubres Oeste,Cubres Oeste,Sao Jorge,False,False,recent_only,macro,2025,2025,2.0,2,1
Cubres Oeste,Cubres Oeste,Sao Jorge,False,False,recent_only,phyto,2018,2018,7.5,8,2
Cubres Oeste,Cubres Oeste,Sao Jorge,False,False,recent_only,phyto,2024,2024,3.5,5,2
Cubres Oeste,Cubres Oeste,Sao Jorge,False,False,recent_only,phyto,2025,2025,2.0,2,1
Cubres Oeste,Cubres Oeste,Sao Jorge,False,False,recent_only,zoo,2025,2025,1.0,1,1
Empadadas Norte,Empadadas Norte,Sao Miguel,True,True,matched,diatom,2015,2015,31.0,31,1
Empadadas Norte,Empadadas Norte,Sao Miguel,True,True,matched,diatom,2016,2016,28.75,35,3
Empadadas Norte,Empadadas Norte,Sao Miguel,True,True,matched,diatom,2017_2018,2017,26.0,26,1
Empadadas Norte,Empadadas Norte,Sao Miguel,True,True,matched,diatom,2017_2018,2018,22.33,26,3
Empadadas Norte,Empadadas Norte,Sao Miguel,True,True,matched,diatom,2024,2024,31.25,41,4
Empadadas Norte,Empadadas Norte,Sao Miguel,True,True,matched,diatom,2025,2025,25.0,30,4
Empadadas Norte,Empadadas Norte,Sao Miguel,True,True,matched,diatom,historical,2003,42.0,42,1
Empadadas Norte,Empadadas Norte,Sao Miguel,True,True,matched,diatom,historical,2004,36.5,37,2
Empadadas Norte,Empadadas Norte,Sao Miguel,True,True,matched,diatom,historical,2005,38.0,38,2
Empadadas Norte,Empadadas Norte,Sao Miguel,True,True,matched,diatom,historical,2006,34.0,40,2
Empadadas Norte,Empadadas Norte,Sao Miguel,True,True,matched,diatom,historical,2007,45.0,45,1
Empadadas Norte,Empadadas Norte,Sao Miguel,True,True,matched,diatom,historical,2008,38.0,39,3
Empadadas Norte,Empadadas Norte,Sao Miguel,True,True,matched,diatom,historical,2009,26.0,42,2
Empadadas Norte,Empadadas Norte,Sao Miguel,True,True,matched,diatom,historical,2010,32.67,41,3
Empadadas Norte,Empadadas Norte,Sao Miguel,True,True,matched,diatom,historical,2011,38.0,43,4
Empadadas Norte,Empadadas Norte,Sao Miguel,True,True,matched,diatom,historical,2012,37.75,44,4
Empadadas Norte,Empadadas Norte,Sao Miguel,True,True,matched,macro,2018,2018,10.0,10,1
Empadadas Norte,Empadadas Norte,Sao Miguel,True,True,matched,macro,2024,2024,10.0,15,4
Empadadas Norte,Empadadas Norte,Sao Miguel,True,True,matched,macro,2025,2025,9.0,11,4
Empadadas Norte,Empadadas Norte,Sao Miguel,True,True,matched,macro,historical,2003,1.0,1,1
Empadadas Norte,Empadadas Norte,Sao Miguel,True,True,matched,macro,historical,2004,7.67,9,3
Empadadas Norte,Empadadas Norte,Sao Miguel,True,True,matched,macro,historical,2005,4.5,5,2
Empadadas Norte,Empadadas Norte,Sao Miguel,True,True,matched,macro,historical,2006,5.0,6,2
Empadadas Norte,Empadadas Norte,Sao Miguel,True,True,matched,macro,historical,2008,6.25,10,4
Empadadas Norte,Empadadas Norte,Sao Miguel,True,True,matched,macro,historical,2009,2.5,4,2
Empadadas Norte,Empadadas Norte,Sao Miguel,True,True,matched,macro,historical,2010,1.75,2,4
Empadadas Norte,Empadadas Norte,Sao Miguel,True,True,matched,macro,historical,2011,2.75,4,4
Empadadas Norte,Empadadas Norte,Sao Miguel,True,True,matched,macro,historical,2012,3.5,7,4
Empadadas Norte,Empadadas Norte,Sao Miguel,True,True,matched,macrophyte,historical,2008,5.0,5,1
Empadadas Norte,Empadadas Norte,Sao Miguel,True,True,matched,macrophyte,historical,2010,3.0,3,1
Empadadas Norte,Empadadas Norte,Sao Miguel,True,True,matched,macrophyte,historical,2011,5.0,5,1
Empadadas Norte,Empadadas Norte,Sao Miguel,True,True,matched,macrophyte,historical,2012,6.0,6,1
Empadadas Norte,Empadadas Norte,Sao Miguel,True,True,matched,phyto,2018,2018,21.25,27,4
Empadadas Norte,Empadadas Norte,Sao Miguel,True,True,matched,phyto,2024,2024,14.5,19,4
Empadadas Norte,Empadadas Norte,Sao Miguel,True,True,matched,phyto,2025,2025,9.0,11,4
Empadadas Norte,Empadadas Norte,Sao Miguel,True,True,matched,phyto,historical,2003,30.0,30,1
Empadadas Norte,Empadadas Norte,Sao Miguel,True,True,matched,phyto,historical,2004,24.67,26,3
Empadadas Norte,Empadadas Norte,Sao Miguel,True,True,matched,phyto,historical,2005,26.5,31,2
Empadadas Norte,Empadadas Norte,Sao Miguel,True,True,matched,phyto,historical,2006,22.0,25,2
Empadadas Norte,Empadadas Norte,Sao Miguel,True,True,matched,phyto,historical,2007,17.0,17,1
Empadadas Norte,Empadadas Norte,Sao Miguel,True,True,matched,phyto,historical,2008,28.5,31,4
Empadadas Norte,Empadadas Norte,Sao Miguel,True,True,matched,phyto,historical,2009,24.5,25,2
Empadadas Norte,Empadadas Norte,Sao Miguel,True,True,matched,phyto,historical,2010,24.25,29,4
Empadadas Norte,Empadadas Norte,Sao Miguel,True,True,matched,phyto,historical,2011,22.25,25,4
Empadadas Norte,Empadadas Norte,Sao Miguel,True,True,matched,phyto,historical,2012,26.0,29,4
Empadadas Norte,Empadadas Norte,Sao Miguel,True,True,matched,zoo,2025,2025,2.0,2,1
Empadadas Norte,Empadadas Norte,Sao Miguel,True,True,matched,zoo,historical,2011,13.0,13,1
Empadadas Sul,Empadadas Sul,Sao Miguel,True,True,matched,diatom,2015,2015,30.0,30,1
Empadadas Sul,Empadadas Sul,Sao Miguel,True,True,matched,diatom,2016,2016,30.25,33,3
Empadadas Sul,Empadadas Sul,Sao Miguel,True,True,matched,diatom,2017_2018,2017,27.0,27,1
Empadadas Sul,Empadadas Sul,Sao Miguel,True,True,matched,diatom,2017_2018,2018,29.0,35,3
Empadadas Sul,Empadadas Sul,Sao Miguel,True,True,matched,diatom,2024,2024,27.5,31,4
Empadadas Sul,Empadadas Sul,Sao Miguel,True,True,matched,diatom,2025,2025,30.75,36,4
Empadadas Sul,Empadadas Sul,Sao Miguel,True,True,matched,diatom,historical,2003,32.0,32,1
Empadadas Sul,Empadadas Sul,Sao Miguel,True,True,matched,diatom,historical,2004,30.67,35,3
Empadadas Sul,Empadadas Sul,Sao Miguel,True,True,matched,diatom,historical,2005,19.0,21,2
Empadadas Sul,Empadadas Sul,Sao Miguel,True,True,matched,diatom,historical,2006,22.33,27,3
Empadadas Sul,Empadadas Sul,Sao Miguel,True,True,matched,diatom,historical,2007,31.0,31,1
Empadadas Sul,Empadadas Sul,Sao Miguel,True,True,matched,diatom,historical,2008,20.5,24,4
Empadadas Sul,Empadadas Sul,Sao Miguel,True,True,matched,diatom,historical,2009,28.5,33,2
Empadadas Sul,Empadadas Sul,Sao Miguel,True,True,matched,diatom,historical,2010,30.25,35,4
Empadadas Sul,Empadadas Sul,Sao Miguel,True,True,matched,diatom,historical,2011,22.5,23,4
Empadadas Sul,Empadadas Sul,Sao Miguel,True,True,matched,diatom,historical,2012,26.5,35,4
Empadadas Sul,Empadadas Sul,Sao Miguel,True,True,matched,macro,2018,2018,16.0,16,1
Empadadas Sul,Empadadas Sul,Sao Miguel,True,True,matched,macro,2024,2024,9.5,16,4
Empadadas Sul,Empadadas Sul,Sao Miguel,True,True,matched,macro,2025,2025,11.5,14,4
Empadadas Sul,Empadadas Sul,Sao Miguel,True,True,matched,macro,historical,2003,3.0,3,1
Empadadas Sul,Empadadas Sul,Sao Miguel,True,True,matched,macro,historical,2004,2.0,2,3
Empadadas Sul,Empadadas Sul,Sao Miguel,True,True,matched,macro,historical,2005,9.0,14,2
Empadadas Sul,Empadadas Sul,Sao Miguel,True,True,matched,macro,historical,2006,7.0,7,1
Empadadas Sul,Empadadas Sul,Sao Miguel,True,True,matched,macro,historical,2008,9.5,11,4
Empadadas Sul,Empadadas Sul,Sao Miguel,True,True,matched,macro,historical,2009,10.5,15,2
Empadadas Sul,Empadadas Sul,Sao Miguel,True,True,matched,macro,historical,2010,7.5,9,4
Empadadas Sul,Empadadas Sul,Sao Miguel,True,True,matched,macro,historical,2011,8.75,13,4
Empadadas Sul,Empadadas Sul,Sao Miguel,True,True,matched,macro,historical,2012,5.75,7,4
Empadadas Sul,Empadadas Sul,Sao Miguel,True,True,matched,macrophyte,historical,2008,8.0,8,1
Empadadas Sul,Empadadas Sul,Sao Miguel,True,True,matched,macrophyte,historical,2010,9.0,9,1
Empadadas Sul,Empadadas Sul,Sao Miguel,True,True,matched,macrophyte,historical,2011,8.0,8,1
Empadadas Sul,Empadadas Sul,Sao Miguel,True,True,matched,macrophyte,historical,2012,10.0,10,1
Empadadas Sul,Empadadas Sul,Sao Miguel,True,True,matched,phyto,2018,2018,25.25,29,4
Empadadas Sul,Empadadas Sul,Sao Miguel,True,True,matched,phyto,2024,2024,16.0,25,4
Empadadas Sul,Empadadas Sul,Sao Miguel,True,True,matched,phyto,2025,2025,8.5,11,4
Empadadas Sul,Empadadas Sul,Sao Miguel,True,True,matched,phyto,historical,2003,32.0,32,1
Empadadas Sul,Empadadas Sul,Sao Miguel,True,True,matched,phyto,historical,2004,31.67,36,3
Empadadas Sul,Empadadas Sul,Sao Miguel,True,True,matched,phyto,historical,2005,33.0,35,2
Empadadas Sul,Empadadas Sul,Sao Miguel,True,True,matched,phyto,historical,2006,29.5,36,2
Empadadas Sul,Empadadas Sul,Sao Miguel,True,True,matched,phyto,historical,2007,28.0,28,1
Empadadas Sul,Empadadas Sul,Sao Miguel,True,True,matched,phyto,historical,2008,30.75,35,4
Empadadas Sul,Empadadas Sul,Sao Miguel,True,True,matched,phyto,historical,2009,25.0,26,2
Empadadas Sul,Empadadas Sul,Sao Miguel,True,True,matched,phyto,historical,2010,26.5,34,4
Empadadas Sul,Empadadas Sul,Sao Miguel,True,True,matched,phyto,historical,2011,25.5,30,4
Empadadas Sul,Empadadas Sul,Sao Miguel,True,True,matched,phyto,historical,2012,29.25,31,4
Empadadas Sul,Empadadas Sul,Sao Miguel,True,True,matched,zoo,2025,2025,0.0,0,1
Empadadas Sul,Empadadas Sul,Sao Miguel,True,True,matched,zoo,historical,2011,7.0,7,1
Fogo,Fogo,Sao Miguel,True,True,matched,diatom,2015,2015,37.0,37,1
Fogo,Fogo,Sao Miguel,True,True,matched,diatom,2016,2016,29.25,35,3
Fogo,Fogo,Sao Miguel,True,True,matched,diatom,2017_2018,2017,20.0,20,1
Fogo,Fogo,Sao Miguel,True,True,matched,diatom,2017_2018,2018,22.67,24,3
Fogo,Fogo,Sao Miguel,True,True,matched,diatom,2024,2024,27.75,32,4
Fogo,Fogo,Sao Miguel,True,True,matched,diatom,2025,2025,24.5,27,4
Fogo,Fogo,Sao Miguel,True,True,matched,diatom,historical,2003,47.0,47,1
Fogo,Fogo,Sao Miguel,True,True,matched,diatom,historical,2004,52.0,57,3
Fogo,Fogo,Sao Miguel,True,True,matched,diatom,historical,2005,40.33,55,3
Fogo,Fogo,Sao Miguel,True,True,matched,diatom,historical,2006,58.67,68,3
Fogo,Fogo,Sao Miguel,True,True,matched,diatom,historical,2008,39.0,50,2
Fogo,Fogo,Sao Miguel,True,True,matched,diatom,historical,2009,37.0,41,2
Fogo,Fogo,Sao Miguel,True,True,matched,diatom,historical,2010,30.67,38,3
Fogo,Fogo,Sao Miguel,True,True,matched,diatom,historical,2011,38.25,42,4
Fogo,Fogo,Sao Miguel,True,True,matched,diatom,historical,2012,38.0,47,4
Fogo,Fogo,Sao Miguel,True,True,matched,macro,2018,2018,4.0,4,1
Fogo,Fogo,Sao Miguel,True,True,matched,macro,2024,2024,5.25,9,4
Fogo,Fogo,Sao Miguel,True,True,matched,macro,2025,2025,8.75,11,4
Fogo,Fogo,Sao Miguel,True,True,matched,macro,historical,2003,1.0,1,1
Fogo,Fogo,Sao Miguel,True,True,matched,macro,historical,2004,2.67,4,3
Fogo,Fogo,Sao Miguel,True,True,matched,macro,historical,2005,2.5,4,4
Fogo,Fogo,Sao Miguel,True,True,matched,macro,historical,2006,9.0,15,3
Fogo,Fogo,Sao Miguel,True,True,matched,macro,historical,2008,9.0,11,3
Fogo,Fogo,Sao Miguel,True,True,matched,macro,historical,2009,4.0,6,2
Fogo,Fogo,Sao Miguel,True,True,matched,macro,historical,2010,7.67,11,3
Fogo,Fogo,Sao Miguel,True,True,matched,macro,historical,2011,6.75,11,4
Fogo,Fogo,Sao Miguel,True,True,matched,macro,historical,2012,6.0,9,4
Fogo,Fogo,Sao Miguel,True,True,matched,macrophyte,historical,2008,3.0,3,1
Fogo,Fogo,Sao Miguel,True,True,matched,macrophyte,historical,2011,12.0,12,1
Fogo,Fogo,Sao Miguel,True,True,matched,macrophyte,historical,2012,4.0,4,1
Fogo,Fogo,Sao Miguel,True,True,matched,phyto,2018,2018,23.0,28,4
Fogo,Fogo,Sao Miguel,True,True,matched,phyto,2024,2024,14.25,21,4
Fogo,Fogo,Sao Miguel,True,True,matched,phyto,2025,2025,7.5,8,4
Fogo,Fogo,Sao Miguel,True,True,matched,phyto,historical,2003,19.0,19,1
Fogo,Fogo,Sao Miguel,True,True,matched,phyto,historical,2004,23.0,26,3
Fogo,Fogo,Sao Miguel,True,True,matched,phyto,historical,2005,21.0,27,3
Fogo,Fogo,Sao Miguel,True,True,matched,phyto,historical,2006,20.33,25,3
Fogo,Fogo,Sao Miguel,True,True,matched,phyto,historical,2008,25.67,28,3
Fogo,Fogo,Sao Miguel,True,True,matched,phyto,historical,2009,19.0,19,2
Fogo,Fogo,Sao Miguel,True,True,matched,phyto,historical,2010,18.33,23,3
Fogo,Fogo,Sao Miguel,True,True,matched,phyto,historical,2011,22.5,28,4
Fogo,Fogo,Sao Miguel,True,True,matched,phyto,historical,2012,27.5,31,4
Fogo,Fogo,Sao Miguel,True,True,matched,zoo,2025,2025,5.0,5,1
Fogo,Fogo,Sao Miguel,True,True,matched,zoo,historical,2011,15.5,17,2
Fogo,Fogo,Sao Miguel,True,True,matched,zoo,historical,2012,14.0,16,2
Funda,Funda,Flores,False,True,matched,diatom,2015,2015,19.0,19,1
Funda,Funda,Flores,False,True,matched,diatom,2016,2016,26.5,30,3
Funda,Funda,Flores,False,True,matched,diatom,2017,2017,24.0,24,1
Funda,Funda,Flores,False,True,matched,diatom,2017_2018,2017,17.0,17,1
Funda,Funda,Flores,False,True,matched,diatom,2017_2018,2018,25.0,28,2
Funda,Funda,Flores,False,True,matched,diatom,2024,2024,18.5,22,4
Funda,Funda,Flores,False,True,matched,diatom,2025,2025,17.75,27,4
Funda,Funda,Flores,False,True,matched,diatom,historical,2005,29.0,37,2
Funda,Funda,Flores,False,True,matched,diatom,historical,2006,31.0,39,4
Funda,Funda,Flores,False,True,matched,diatom,historical,2008,26.75,31,4
Funda,Funda,Flores,False,True,matched,diatom,historical,2009,18.0,18,1
Funda,Funda,Flores,False,True,matched,diatom,historical,2010,19.0,19,1
Funda,Funda,Flores,False,True,matched,diatom,historical,2011,32.0,36,2
Funda,Funda,Flores,False,True,matched,diatom,historical,2012,31.25,36,4
Funda,Funda,Flores,False,True,matched,macro,2018,2018,10.0,10,1
Funda,Funda,Flores,False,True,matched,macro,2024,2024,3.75,5,4
Funda,Funda,Flores,False,True,matched,macro,2025,2025,3.25,4,4
Funda,Funda,Flores,False,True,matched,macrophyte,historical,2010,5.0,5,1
Funda,Funda,Flores,False,True,matched,macrophyte,historical,2011,14.0,14,1
Funda,Funda,Flores,False,True,matched,macrophyte,historical,2012,20.0,20,1
Funda,Funda,Flores,False,True,matched,phyto,2018,2018,9.75,12,4
Funda,Funda,Flores,False,True,matched,phyto,2024,2024,9.75,13,4
Funda,Funda,Flores,False,True,matched,phyto,2025,2025,5.0,7,4
Funda,Funda,Flores,False,True,matched,phyto,historical,2004,7.0,7,1
Funda,Funda,Flores,False,True,matched,phyto,historical,2005,8.0,11,3
Funda,Funda,Flores,False,True,matched,phyto,historical,2006,6.75,11,4
Funda,Funda,Flores,False,True,matched,phyto,historical,2008,7.25,9,4
Funda,Funda,Flores,False,True,matched,phyto,historical,2009,9.0,9,2
Funda,Funda,Flores,False,True,matched,phyto,historical,2010,8.5,11,4
Funda,Funda,Flores,False,True,matched,phyto,historical,2011,10.25,11,4
Funda,Funda,Flores,False,True,matched,phyto,historical,2012,8.25,12,4
Funda,Funda,Flores,False,True,matched,zoo,2025,2025,6.0,6,1
Funda,Funda,Flores,False,True,matched,zoo,historical,2011,8.0,10,2
Funda,Funda,Flores,False,True,matched,zoo,historical,2012,12.5,14,2
Furnas,Furnas,Sao Miguel,True,True,matched,diatom,2015,2015,27.0,27,1
Furnas,Furnas,Sao Miguel,True,True,matched,diatom,2016,2016,28.0,31,3
Furnas,Furnas,Sao Miguel,True,True,matched,diatom,2017,2017,34.0,34,1
Furnas,Furnas,Sao Miguel,True,True,matched,diatom,2017_2018,2017,31.0,31,1
Furnas,Furnas,Sao Miguel,True,True,matched,diatom,2017_2018,2018,25.0,32,3
Furnas,Furnas,Sao Miguel,True,True,matched,diatom,2024,2024,27.5,33,4
Furnas,Furnas,Sao Miguel,True,True,matched,diatom,2025,2025,25.5,31,4
Furnas,Furnas,Sao Miguel,True,True,matched,diatom,historical,2003,47.0,47,1
Furnas,Furnas,Sao Miguel,True,True,matched,diatom,historical,2004,49.0,55,3
Furnas,Furnas,Sao Miguel,True,True,matched,diatom,historical,2005,50.67,52,3
Furnas,Furnas,Sao Miguel,True,True,matched,diatom,historical,2006,42.67,47,3
Furnas,Furnas,Sao Miguel,True,True,matched,diatom,historical,2007,28.0,28,1
Furnas,Furnas,Sao Miguel,True,True,matched,diatom,historical,2008,52.25,69,4
Furnas,Furnas,Sao Miguel,True,True,matched,diatom,historical,2009,37.5,39,2
Furnas,Furnas,Sao Miguel,True,True,matched,diatom,historical,2010,45.5,60,4
Furnas,Furnas,Sao Miguel,True,True,matched,diatom,historical,2011,46.25,51,4
Furnas,Furnas,Sao Miguel,True,True,matched,diatom,historical,2012,38.75,48,4
Furnas,Furnas,Sao Miguel,True,True,matched,macro,2018,2018,16.0,16,1
Furnas,Furnas,Sao Miguel,True,True,matched,macro,2024,2024,8.0,10,4
Furnas,Furnas,Sao Miguel,True,True,matched,macro,2025,2025,7.25,10,4
Furnas,Furnas,Sao Miguel,True,True,matched,macro,historical,2003,2.0,2,1
Furnas,Furnas,Sao Miguel,True,True,matched,macro,historical,2004,4.33,6,3
Furnas,Furnas,Sao Miguel,True,True,matched,macro,historical,2005,9.67,11,3
Furnas,Furnas,Sao Miguel,True,True,matched,macro,historical,2006,12.0,16,3
Furnas,Furnas,Sao Miguel,True,True,matched,macro,historical,2008,12.25,14,4
Furnas,Furnas,Sao Miguel,True,True,matched,macro,historical,2009,12.0,14,2
Furnas,Furnas,Sao Miguel,True,True,matched,macro,historical,2010,8.75,12,4
Furnas,Furnas,Sao Miguel,True,True,matched,macro,historical,2011,10.5,13,4
Furnas,Furnas,Sao Miguel,True,True,matched,macro,historical,2012,8.5,12,4
Furnas,Furnas,Sao Miguel,True,True,matched,macrophyte,historical,2010,6.0,6,1
Furnas,Furnas,Sao Miguel,True,True,matched,macrophyte,historical,2011,17.0,17,1
Furnas,Furnas,Sao Miguel,True,True,matched,macrophyte,historical,2012,13.0,13,1
Furnas,Furnas,Sao Miguel,True,True,matched,phyto,2018,2018,22.25,28,4
Furnas,Furnas,Sao Miguel,True,True,matched,phyto,2024,2024,8.5,12,4
Furnas,Furnas,Sao Miguel,True,True,matched,phyto,2025,2025,4.5,6,4
Furnas,Furnas,Sao Miguel,True,True,matched,phyto,historical,2003,24.0,24,1
Furnas,Furnas,Sao Miguel,True,True,matched,phyto,historical,2004,20.33,22,3
Furnas,Furnas,Sao Miguel,True,True,matched,phyto,historical,2005,16.0,20,3
Furnas,Furnas,Sao Miguel,True,True,matched,phyto,historical,2006,20.0,26,3
Furnas,Furnas,Sao Miguel,True,True,matched,phyto,historical,2007,14.0,14,1
Furnas,Furnas,Sao Miguel,True,True,matched,phyto,historical,2008,24.25,26,4
Furnas,Furnas,Sao Miguel,True,True,matched,phyto,historical,2009,13.0,13,2
Furnas,Furnas,Sao Miguel,True,True,matched,phyto,historical,2010,17.25,20,4
Furnas,Furnas,Sao Miguel,True,True,matched,phyto,historical,2011,22.25,29,4
Furnas,Furnas,Sao Miguel,True,True,matched,phyto,historical,2012,20.5,27,4
Furnas,Furnas,Sao Miguel,True,True,matched,zoo,2025,2025,3.0,3,1
Furnas,Furnas,Sao Miguel,True,True,matched,zoo,historical,2011,14.0,20,2
Furnas,Furnas,Sao Miguel,True,True,matched,zoo,historical,2012,12.0,12,2
Lomba,Lomba,Flores,True,True,matched,diatom,2015,2015,30.0,30,1
Lomba,Lomba,Flores,True,True,matched,diatom,2016,2016,36.0,59,3
Lomba,Lomba,Flores,True,True,matched,diatom,2017,2017,29.0,29,1
Lomba,Lomba,Flores,True,True,matched,diatom,2017_2018,2017,23.0,23,1
Lomba,Lomba,Flores,True,True,matched,diatom,2017_2018,2018,30.5,31,2
Lomba,Lomba,Flores,True,True,matched,diatom,2024,2024,33.5,41,4
Lomba,Lomba,Flores,True,True,matched,diatom,2025,2025,30.75,35,4
Lomba,Lomba,Flores,True,True,matched,diatom,historical,2004,52.0,61,2
Lomba,Lomba,Flores,True,True,matched,diatom,historical,2006,49.5,50,2
Lomba,Lomba,Flores,True,True,matched,diatom,historical,2008,51.0,61,2
Lomba,Lomba,Flores,True,True,matched,diatom,historical,2009,31.5,32,2
Lomba,Lomba,Flores,True,True,matched,diatom,historical,2010,38.0,42,2
Lomba,Lomba,Flores,True,True,matched,diatom,historical,2011,39.75,50,4
Lomba,Lomba,Flores,True,True,matched,diatom,historical,2012,35.25,39,4
Lomba,Lomba,Flores,True,True,matched,macro,2018,2018,12.0,12,1
Lomba,Lomba,Flores,True,True,matched,macro,2024,2024,7.75,11,4
Lomba,Lomba,Flores,True,True,matched,macro,2025,2025,9.75,13,4
Lomba,Lomba,Flores,True,True,matched,macro,historical,2004,9.0,9,1
Lomba,Lomba,Flores,True,True,matched,macro,historical,2005,4.0,4,1
Lomba,Lomba,Flores,True,True,matched,macro,historical,2006,2.0,2,1
Lomba,Lomba,Flores,True,True,matched,macro,historical,2008,6.5,9,2
Lomba,Lomba,Flores,True,True,matched,macro,historical,2010,8.5,9,2
Lomba,Lomba,Flores,True,True,matched,macro,historical,2011,7.75,11,4
Lomba,Lomba,Flores,True,True,matched,macro,historical,2012,6.5,14,4
Lomba,Lomba,Flores,True,True,matched,macrophyte,historical,2008,14.0,14,1
Lomba,Lomba,Flores,True,True,matched,macrophyte,historical,2010,5.0,5,1
Lomba,Lomba,Flores,True,True,matched,macrophyte,historical,2011,12.0,12,1
Lomba,Lomba,Flores,True,True,matched,macrophyte,historical,2012,13.0,13,1
Lomba,Lomba,Flores,True,True,matched,phyto,2018,2018,24.5,27,4
Lomba,Lomba,Flores,True,True,matched,phyto,2024,2024,18.0,26,4
Lomba,Lomba,Flores,True,True,matched,phyto,2025,2025,8.75,10,4
Lomba,Lomba,Flores,True,True,matched,phyto,historical,2004,26.0,26,1
Lomba,Lomba,Flores,True,True,matched,phyto,historical,2005,25.0,25,1
Lomba,Lomba,Flores,True,True,matched,phyto,historical,2006,22.0,23,2
Lomba,Lomba,Flores,True,True,matched,phyto,historical,2008,31.5,34,2
Lomba,Lomba,Flores,True,True,matched,phyto,historical,2009,21.0,24,2
Lomba,Lomba,Flores,True,True,matched,phyto,historical,2010,24.5,26,2
Lomba,Lomba,Flores,True,True,matched,phyto,historical,2011,26.75,32,4
Lomba,Lomba,Flores,True,True,matched,phyto,historical,2012,26.5,30,4
Lomba,Lomba,Flores,True,True,matched,zoo,2025,2025,3.0,3,1
Lomba,Lomba,Flores,True,True,matched,zoo,historical,2011,14.5,17,2
Lomba,Lomba,Flores,True,True,matched,zoo,historical,2012,12.0,12,1
Negra,Negra,Flores,False,True,matched,diatom,2017_2018,2017,17.0,17,1
Negra,Negra,Flores,False,True,matched,diatom,2017_2018,2018,15.0,20,2
Negra,Negra,Flores,False,True,matched,diatom,2024,2024,17.5,31,4
Negra,Negra,Flores,False,True,matched,diatom,2025,2025,18.0,24,3
Negra,Negra,Flores,False,True,matched,diatom,historical,2009,16.0,18,2
Negra,Negra,Flores,False,True,matched,diatom,historical,2011,25.0,29,2
Negra,Negra,Flores,False,True,matched,diatom,historical,2012,18.0,23,3
Negra,Negra,Flores,False,True,matched,macro,2018,2018,0.0,0,1
Negra,Negra,Flores,False,True,matched,macro,2024,2024,2.5,3,4
Negra,Negra,Flores,False,True,matched,macro,2025,2025,3.0,3,1
Negra,Negra,Flores,False,True,matched,macro,historical,2012,5.0,5,1
Negra,Negra,Flores,False,True,matched,macrophyte,historical,2011,9.0,9,1
Negra,Negra,Flores,False,True,matched,macrophyte,historical,2012,14.0,14,1
Negra,Negra,Flores,False,True,matched,phyto,2018,2018,5.67,8,3
Negra,Negra,Flores,False,True,matched,phyto,2024,2024,3.5,5,4
Negra,Negra,Flores,False,True,matched,phyto,2025,2025,2.33,3,3
Negra,Negra,Flores,False,True,matched,phyto,historical,2006,7.0,9,2
Negra,Negra,Flores,False,True,matched,phyto,historical,2008,5.0,6,2
Negra,Negra,Flores,False,True,matched,phyto,historical,2009,2.0,3,2
Negra,Negra,Flores,False,True,matched,phyto,historical,2010,3.0,4,2
Negra,Negra,Flores,False,True,matched,phyto,historical,2011,4.5,6,4
Negra,Negra,Flores,False,True,matched,phyto,historical,2012,3.0,4,4
Negra,Negra,Flores,False,True,matched,zoo,2025,2025,5.0,5,1
Paul,Paúl,Pico,False,True,matched,diatom,2015,2015,19.0,19,1
Paul,Paúl,Pico,False,True,matched,diatom,2016,2016,28.5,35,3
Paul,Paúl,Pico,False,True,matched,diatom,2017,2017,29.0,29,1
Paul,Paúl,Pico,False,True,matched,diatom,2017_2018,2017,20.0,20,1
Paul,Paúl,Pico,False,True,matched,diatom,2017_2018,2018,16.5,17,2
Paul,Paúl,Pico,False,True,matched,diatom,2024,2024,25.33,30,3
Paul,Paúl,Pico,False,True,matched,diatom,2025,2025,28.33,34,3
Paul,Paúl,Pico,False,True,matched,diatom,historical,2006,32.0,32,1
Paul,Paúl,Pico,False,True,matched,diatom,historical,2008,25.5,28,2
Paul,Paúl,Pico,False,True,matched,diatom,historical,2009,24.5,25,2
Paul,Paúl,Pico,False,True,matched,diatom,historical,2011,21.33,25,3
Paul,Paúl,Pico,False,True,matched,diatom,historical,2012,22.0,31,4
Paul,Paúl,Pico,False,True,matched,macro,2024,2024,8.5,13,4
Paul,Paúl,Pico,False,True,matched,macro,2025,2025,10.0,13,3
Paul,Paúl,Pico,False,True,matched,macro,historical,2006,9.0,9,1
Paul,Paúl,Pico,False,True,matched,macro,historical,2008,9.5,10,2
Paul,Paúl,Pico,False,True,matched,macro,historical,2009,6.5,7,2
Paul,Paúl,Pico,False,True,matched,macro,historical,2010,6.0,6,2
Paul,Paúl,Pico,False,True,matched,macro,historical,2011,4.25,9,4
Paul,Paúl,Pico,False,True,matched,macro,historical,2012,6.0,8,4
Paul,Paúl,Pico,False,True,matched,macrophyte,historical,2008,4.0,4,1
Paul,Paúl,Pico,False,True,matched,macrophyte,historical,2010,5.0,5,1
Paul,Paúl,Pico,False,True,matched,macrophyte,historical,2011,9.0,9,1
Paul,Paúl,Pico,False,True,matched,macrophyte,historical,2012,7.0,7,1
Paul,Paúl,Pico,False,True,matched,phyto,2018,2018,12.0,18,3
Paul,Paúl,Pico,False,True,matched,phyto,2024,2024,5.5,6,4
Paul,Paúl,Pico,False,True,matched,phyto,2025,2025,3.0,3,3
Paul,Paúl,Pico,False,True,matched,phyto,historical,2006,9.0,9,1
Paul,Paúl,Pico,False,True,matched,phyto,historical,2008,12.0,13,2
Paul,Paúl,Pico,False,True,matched,phyto,historical,2009,16.5,23,2
Paul,Paúl,Pico,False,True,matched,phyto,historical,2010,20.0,20,2
Paul,Paúl,Pico,False,True,matched,phyto,historical,2011,13.5,20,4
Paul,Paúl,Pico,False,True,matched,phyto,historical,2012,8.75,12,4
Paul,Paúl,Pico,False,True,matched,zoo,2025,2025,4.0,4,1
Peixinho,Peixinho,Pico,True,True,matched,diatom,2015,2015,35.0,35,1
Peixinho,Peixinho,Pico,True,True,matched,diatom,2016,2016,32.0,45,3
Peixinho,Peixinho,Pico,True,True,matched,diatom,2017,2017,24.0,24,1
Peixinho,Peixinho,Pico,True,True,matched,diatom,2017_2018,2018,27.5,29,2
Peixinho,Peixinho,Pico,True,True,matched,diatom,2024,2024,22.5,25,4
Peixinho,Peixinho,Pico,True,True,matched,diatom,2025,2025,27.25,33,4
Peixinho,Peixinho,Pico,True,True,matched,diatom,historical,2008,34.5,44,2
Peixinho,Peixinho,Pico,True,True,matched,diatom,historical,2009,11.0,11,1
Peixinho,Peixinho,Pico,True,True,matched,diatom,historical,2010,34.5,37,2
Peixinho,Peixinho,Pico,True,True,matched,diatom,historical,2011,35.75,47,4
Peixinho,Peixinho,Pico,True,True,matched,diatom,historical,2012,17.0,27,4
Peixinho,Peixinho,Pico,True,True,matched,macro,2018,2018,11.0,11,1
Peixinho,Peixinho,Pico,True,True,matched,macro,2024,2024,4.75,7,4
Peixinho,Peixinho,Pico,True,True,matched,macro,2025,2025,3.75,5,4
Peixinho,Peixinho,Pico,True,True,matched,macro,historical,2006,4.0,4,1
Peixinho,Peixinho,Pico,True,True,matched,macro,historical,2008,10.0,13,2
Peixinho,Peixinho,Pico,True,True,matched,macro,historical,2009,11.0,11,1
Peixinho,Peixinho,Pico,True,True,matched,macro,historical,2010,7.0,8,2
Peixinho,Peixinho,Pico,True,True,matched,macro,historical,2011,6.5,12,4
Peixinho,Peixinho,Pico,True,True,matched,macro,historical,2012,4.5,6,4
Peixinho,Peixinho,Pico,True,True,matched,macrophyte,historical,2008,4.0,4,1
Peixinho,Peixinho,Pico,True,True,matched,macrophyte,historical,2010,4.0,4,1
Peixinho,Peixinho,Pico,True,True,matched,macrophyte,historical,2011,11.0,11,1
Peixinho,Peixinho,Pico,True,True,matched,macrophyte,historical,2012,7.0,7,1
Peixinho,Peixinho,Pico,True,True,matched,phyto,2018,2018,18.75,24,4
Peixinho,Peixinho,Pico,True,True,matched,phyto,2024,2024,12.0,17,4
Peixinho,Peixinho,Pico,True,True,matched,phyto,2025,2025,7.5,10,4
Peixinho,Peixinho,Pico,True,True,matched,phyto,historical,2006,13.5,14,2
Peixinho,Peixinho,Pico,True,True,matched,phyto,historical,2008,21.5,25,2
Peixinho,Peixinho,Pico,True,True,matched,phyto,historical,2009,21.0,28,2
Peixinho,Peixinho,Pico,True,True,matched,phyto,historical,2010,21.0,21,2
Peixinho,Peixinho,Pico,True,True,matched,phyto,historical,2011,19.25,26,4
Peixinho,Peixinho,Pico,True,True,matched,phyto,historical,2012,21.25,25,4
Peixinho,Peixinho,Pico,True,True,matched,zoo,2025,2025,4.0,4,1
Peixinho,Peixinho,Pico,True,True,matched,zoo,historical,2011,3.0,3,1
Rasa,Rasa,Flores,True,True,matched,diatom,2015,2015,24.0,24,1
Rasa,Rasa,Flores,True,True,matched,diatom,2016,2016,29.5,37,3
Rasa,Rasa,Flores,True,True,matched,diatom,2017,2017,28.0,28,1
Rasa,Rasa,Flores,True,True,matched,diatom,2017_2018,2017,28.0,28,1
Rasa,Rasa,Flores,True,True,matched,diatom,2017_2018,2018,31.0,35,2
Rasa,Rasa,Flores,True,True,matched,diatom,2024,2024,18.75,20,4
Rasa,Rasa,Flores,True,True,matched,diatom,2025,2025,23.5,27,4
Rasa,Rasa,Flores,True,True,matched,diatom,historical,2004,50.0,50,1
Rasa,Rasa,Flores,True,True,matched,diatom,historical,2005,37.0,37,1
Rasa,Rasa,Flores,True,True,matched,diatom,historical,2006,30.5,42,2
Rasa,Rasa,Flores,True,True,matched,diatom,historical,2008,36.5,38,2
Rasa,Rasa,Flores,True,True,matched,diatom,historical,2009,28.5,30,2
Rasa,Rasa,Flores,True,True,matched,diatom,historical,2010,24.5,25,2
Rasa,Rasa,Flores,True,True,matched,diatom,historical,2011,33.5,43,4
Rasa,Rasa,Flores,True,True,matched,diatom,historical,2012,31.75,34,4
Rasa,Rasa,Flores,True,True,matched,macro,2018,2018,4.0,4,1
Rasa,Rasa,Flores,True,True,matched,macro,2024,2024,5.0,7,4
Rasa,Rasa,Flores,True,True,matched,macro,2025,2025,6.33,8,3
Rasa,Rasa,Flores,True,True,matched,macro,historical,2004,12.0,12,1
Rasa,Rasa,Flores,True,True,matched,macro,historical,2005,6.0,6,1
Rasa,Rasa,Flores,True,True,matched,macro,historical,2006,3.0,3,1
Rasa,Rasa,Flores,True,True,matched,macro,historical,2008,9.5,12,2
Rasa,Rasa,Flores,True,True,matched,macro,historical,2010,8.0,10,2
Rasa,Rasa,Flores,True,True,matched,macro,historical,2011,4.5,7,4
Rasa,Rasa,Flores,True,True,matched,macro,historical,2012,7.75,12,4
Rasa,Rasa,Flores,True,True,matched,macrophyte,historical,2010,3.0,3,1
Rasa,Rasa,Flores,True,True,matched,macrophyte,historical,2011,8.0,8,1
Rasa,Rasa,Flores,True,True,matched,macrophyte,historical,2012,11.0,11,1
Rasa,Rasa,Flores,True,True,matched,phyto,2018,2018,19.0,22,4
Rasa,Rasa,Flores,True,True,matched,phyto,2024,2024,12.0,17,4
Rasa,Rasa,Flores,True,True,matched,phyto,2025,2025,6.0,8,4
Rasa,Rasa,Flores,True,True,matched,phyto,historical,2004,17.0,17,1
Rasa,Rasa,Flores,True,True,matched,phyto,historical,2005,17.0,17,1
Rasa,Rasa,Flores,True,True,matched,phyto,historical,2006,14.0,14,2
Rasa,Rasa,Flores,True,True,matched,phyto,historical,2008,20.5,22,2
Rasa,Rasa,Flores,True,True,matched,phyto,historical,2009,12.5,14,2
Rasa,Rasa,Flores,True,True,matched,phyto,historical,2010,20.0,21,2
Rasa,Rasa,Flores,True,True,matched,phyto,historical,2011,18.25,21,4
Rasa,Rasa,Flores,True,True,matched,phyto,historical,2012,19.25,23,4
Rasa,Rasa,Flores,True,True,matched,zoo,2025,2025,3.0,3,1
Rasa,Rasa,Flores,True,True,matched,zoo,historical,2011,13.0,16,2
Rasa,Rasa,Flores,True,True,matched,zoo,historical,2012,10.0,10,1
Rasa Serra Devassa,Rasa Serra Devassa,Sao Miguel,False,True,matched,diatom,2015,2015,21.0,21,1
Rasa Serra Devassa,Rasa Serra Devassa,Sao Miguel,False,True,matched,diatom,2016,2016,24.0,28,3
Rasa Serra Devassa,Rasa Serra Devassa,Sao Miguel,False,True,matched,diatom,2017_2018,2017,30.0,30,1
Rasa Serra Devassa,Rasa Serra Devassa,Sao Miguel,False,True,matched,diatom,2017_2018,2018,20.33,24,3
Rasa Serra Devassa,Rasa Serra Devassa,Sao Miguel,False,True,matched,diatom,2024,2024,24.25,32,4
Rasa Serra Devassa,Rasa Serra Devassa,Sao Miguel,False,True,matched,diatom,2025,2025,20.75,23,4
Rasa Serra Devassa,Rasa Serra Devassa,Sao Miguel,False,True,matched,diatom,historical,2008,28.5,30,2
Rasa Serra Devassa,Rasa Serra Devassa,Sao Miguel,False,True,matched,diatom,historical,2009,31.0,32,2
Rasa Serra Devassa,Rasa Serra Devassa,Sao Miguel,False,True,matched,diatom,historical,2010,29.0,33,2
Rasa Serra Devassa,Rasa Serra Devassa,Sao Miguel,False,True,matched,diatom,historical,2011,29.75,42,4
Rasa Serra Devassa,Rasa Serra Devassa,Sao Miguel,False,True,matched,diatom,historical,2012,22.25,25,4
Rasa Serra Devassa,Rasa Serra Devassa,Sao Miguel,False,True,matched,macro,2018,2018,10.0,10,1
Rasa Serra Devassa,Rasa Serra Devassa,Sao Miguel,False,True,matched,macro,2024,2024,8.0,12,4
Rasa Serra Devassa,Rasa Serra Devassa,Sao Miguel,False,True,matched,macro,2025,2025,7.75,9,4
Rasa Serra Devassa,Rasa Serra Devassa,Sao Miguel,False,True,matched,macro,historical,2008,5.33,8,3
Rasa Serra Devassa,Rasa Serra Devassa,Sao Miguel,False,True,matched,macro,historical,2009,3.5,4,2
Rasa Serra Devassa,Rasa Serra Devassa,Sao Miguel,False,True,matched,macro,historical,2010,2.5,4,2
Rasa Serra Devassa,Rasa Serra Devassa,Sao Miguel,False,True,matched,macro,historical,2011,4.25,8,4
Rasa Serra Devassa,Rasa Serra Devassa,Sao Miguel,False,True,matched,macro,historical,2012,3.0,5,4
Rasa Serra Devassa,Rasa Serra Devassa,Sao Miguel,False,True,matched,macrophyte,historical,2008,2.0,2,1
Rasa Serra Devassa,Rasa Serra Devassa,Sao Miguel,False,True,matched,macrophyte,historical,2010,3.0,3,1
Rasa Serra Devassa,Rasa Serra Devassa,Sao Miguel,False,True,matched,macrophyte,historical,2011,9.0,9,1
Rasa Serra Devassa,Rasa Serra Devassa,Sao Miguel,False,True,matched,macrophyte,historical,2012,10.0,10,1
Rasa Serra Devassa,Rasa Serra Devassa,Sao Miguel,False,True,matched,phyto,2018,2018,17.0,21,4
Rasa Serra Devassa,Rasa Serra Devassa,Sao Miguel,False,True,matched,phyto,2024,2024,12.25,16,4
Rasa Serra Devassa,Rasa Serra Devassa,Sao Miguel,False,True,matched,phyto,2025,2025,9.25,11,4
Rasa Serra Devassa,Rasa Serra Devassa,Sao Miguel,False,True,matched,phyto,historical,2008,20.0,21,2
Rasa Serra Devassa,Rasa Serra Devassa,Sao Miguel,False,True,matched,phyto,historical,2009,24.0,27,2
Rasa Serra Devassa,Rasa Serra Devassa,Sao Miguel,False,True,matched,phyto,historical,2010,27.0,32,2
Rasa Serra Devassa,Rasa Serra Devassa,Sao Miguel,False,True,matched,phyto,historical,2011,22.0,34,4
Rasa Serra Devassa,Rasa Serra Devassa,Sao Miguel,False,True,matched,phyto,historical,2012,25.0,27,4
Rasa Serra Devassa,Rasa Serra Devassa,Sao Miguel,False,True,matched,zoo,2025,2025,0.0,0,1
Rasa Sete Cidades,Rasa Sete Cidades,Sao Miguel,True,True,matched,diatom,2015,2015,18.0,18,1
Rasa Sete Cidades,Rasa Sete Cidades,Sao Miguel,True,True,matched,diatom,2016,2016,21.25,24,4
Rasa Sete Cidades,Rasa Sete Cidades,Sao Miguel,True,True,matched,diatom,2017_2018,2017,26.0,26,1
Rasa Sete Cidades,Rasa Sete Cidades,Sao Miguel,True,True,matched,diatom,2017_2018,2018,16.67,18,3
Rasa Sete Cidades,Rasa Sete Cidades,Sao Miguel,True,True,matched,diatom,2024,2024,34.25,39,4
Rasa Sete Cidades,Rasa Sete Cidades,Sao Miguel,True,True,matched,diatom,2025,2025,25.5,28,4
Rasa Sete Cidades,Rasa Sete Cidades,Sao Miguel,True,True,matched,diatom,historical,2008,14.5,15,2
Rasa Sete Cidades,Rasa Sete Cidades,Sao Miguel,True,True,matched,diatom,historical,2009,28.0,35,2
Rasa Sete Cidades,Rasa Sete Cidades,Sao Miguel,True,True,matched,diatom,historical,2010,22.0,27,2
Rasa Sete Cidades,Rasa Sete Cidades,Sao Miguel,True,True,matched,diatom,historical,2011,28.0,35,4
Rasa Sete Cidades,Rasa Sete Cidades,Sao Miguel,True,True,matched,diatom,historical,2012,30.75,42,4
Rasa Sete Cidades,Rasa Sete Cidades,Sao Miguel,True,True,matched,macro,2018,2018,9.0,9,1
Rasa Sete Cidades,Rasa Sete Cidades,Sao Miguel,True,True,matched,macro,2024,2024,6.75,10,4
Rasa Sete Cidades,Rasa Sete Cidades,Sao Miguel,True,True,matched,macro,2025,2025,4.75,9,4
Rasa Sete Cidades,Rasa Sete Cidades,Sao Miguel,True,True,matched,macro,historical,2008,8.0,12,3
Rasa Sete Cidades,Rasa Sete Cidades,Sao Miguel,True,True,matched,macro,historical,2009,5.0,7,2
Rasa Sete Cidades,Rasa Sete Cidades,Sao Miguel,True,True,matched,macro,historical,2010,10.0,12,2
Rasa Sete Cidades,Rasa Sete Cidades,Sao Miguel,True,True,matched,macro,historical,2011,6.75,10,4
Rasa Sete Cidades,Rasa Sete Cidades,Sao Miguel,True,True,matched,macro,historical,2012,5.5,7,4
Rasa Sete Cidades,Rasa Sete Cidades,Sao Miguel,True,True,matched,macrophyte,historical,2008,2.0,2,1
Rasa Sete Cidades,Rasa Sete Cidades,Sao Miguel,True,True,matched,macrophyte,historical,2010,4.0,4,1
Rasa Sete Cidades,Rasa Sete Cidades,Sao Miguel,True,True,matched,macrophyte,historical,2011,5.0,5,1
Rasa Sete Cidades,Rasa Sete Cidades,Sao Miguel,True,True,matched,macrophyte,historical,2012,7.0,7,1
Rasa Sete Cidades,Rasa Sete Cidades,Sao Miguel,True,True,matched,phyto,2018,2018,3.75,5,4
Rasa Sete Cidades,Rasa Sete Cidades,Sao Miguel,True,True,matched,phyto,2024,2024,4.75,6,4
Rasa Sete Cidades,Rasa Sete Cidades,Sao Miguel,True,True,matched,phyto,2025,2025,4.5,5,4
Rasa Sete Cidades,Rasa Sete Cidades,Sao Miguel,True,True,matched,phyto,historical,2008,9.0,11,2
Rasa Sete Cidades,Rasa Sete Cidades,Sao Miguel,True,True,matched,phyto,historical,2009,8.5,12,2
Rasa Sete Cidades,Rasa Sete Cidades,Sao Miguel,True,True,matched,phyto,historical,2010,6.5,8,2
Rasa Sete Cidades,Rasa Sete Cidades,Sao Miguel,True,True,matched,phyto,historical,2011,9.5,12,4
Rasa Sete Cidades,Rasa Sete Cidades,Sao Miguel,True,True,matched,phyto,historical,2012,8.75,10,4
Rasa Sete Cidades,Rasa Sete Cidades,Sao Miguel,True,True,matched,zoo,2025,2025,7.0,7,1
Rasa Sete Cidades,Rasa Sete Cidades,Sao Miguel,True,True,matched,zoo,historical,2011,15.0,15,1
Rosada,Rosada,Pico,True,True,matched,diatom,2015,2015,21.0,21,1
Rosada,Rosada,Pico,True,True,matched,diatom,2016,2016,30.25,36,4
Rosada,Rosada,Pico,True,True,matched,diatom,2017,2017,43.0,43,1
Rosada,Rosada,Pico,True,True,matched,diatom,2017_2018,2017,22.0,22,1
Rosada,Rosada,Pico,True,True,matched,diatom,2017_2018,2018,28.0,29,2
Rosada,Rosada,Pico,True,True,matched,diatom,2024,2024,33.0,39,4
Rosada,Rosada,Pico,True,True,matched,diatom,2025,2025,30.75,33,4
Rosada,Rosada,Pico,True,True,matched,diatom,historical,2006,25.0,29,3
Rosada,Rosada,Pico,True,True,matched,diatom,historical,2008,24.5,30,2
Rosada,Rosada,Pico,True,True,matched,diatom,historical,2009,26.0,34,2
Rosada,Rosada,Pico,True,True,matched,diatom,historical,2010,37.5,39,2
Rosada,Rosada,Pico,True,True,matched,diatom,historical,2011,36.5,40,4
Rosada,Rosada,Pico,True,True,matched,diatom,historical,2012,28.0,36,4
Rosada,Rosada,Pico,True,True,matched,macro,2018,2018,10.0,10,1
Rosada,Rosada,Pico,True,True,matched,macro,2024,2024,7.25,12,4
Rosada,Rosada,Pico,True,True,matched,macro,2025,2025,7.75,10,4
Rosada,Rosada,Pico,True,True,matched,macro,historical,2006,6.0,6,1
Rosada,Rosada,Pico,True,True,matched,macro,historical,2008,10.5,12,2
Rosada,Rosada,Pico,True,True,matched,macro,historical,2009,5.0,6,2
Rosada,Rosada,Pico,True,True,matched,macro,historical,2010,4.5,5,2
Rosada,Rosada,Pico,True,True,matched,macro,historical,2011,4.0,6,4
Rosada,Rosada,Pico,True,True,matched,macro,historical,2012,5.75,9,4
Rosada,Rosada,Pico,True,True,matched,macrophyte,historical,2008,7.0,7,1
Rosada,Rosada,Pico,True,True,matched,macrophyte,historical,2010,6.0,6,1
Rosada,Rosada,Pico,True,True,matched,macrophyte,historical,2011,7.0,7,1
Rosada,Rosada,Pico,True,True,matched,macrophyte,historical,2012,12.0,12,1
Rosada,Rosada,Pico,True,True,matched,phyto,2018,2018,20.67,21,3
Rosada,Rosada,Pico,True,True,matched,phyto,2024,2024,12.75,17,4
Rosada,Rosada,Pico,True,True,matched,phyto,2025,2025,8.5,11,4
Rosada,Rosada,Pico,True,True,matched,phyto,historical,2006,19.0,20,2
Rosada,Rosada,Pico,True,True,matched,phyto,historical,2008,19.5,20,2
Rosada,Rosada,Pico,True,True,matched,phyto,historical,2009,23.5,25,2
Rosada,Rosada,Pico,True,True,matched,phyto,historical,2010,21.0,22,2
Rosada,Rosada,Pico,True,True,matched,phyto,historical,2011,19.75,23,4
Rosada,Rosada,Pico,True,True,matched,phyto,historical,2012,19.75,22,4
Rosada,Rosada,Pico,True,True,matched,zoo,2025,2025,7.0,7,1
Rosada,Rosada,Pico,True,True,matched,zoo,historical,2011,12.0,12,1
Santiago,Santiago,Sao Miguel,True,True,matched,diatom,2015,2015,21.0,21,1
Santiago,Santiago,Sao Miguel,True,True,matched,diatom,2016,2016,24.33,33,2
Santiago,Santiago,Sao Miguel,True,True,matched,diatom,2017_2018,2017,21.0,21,1
Santiago,Santiago,Sao Miguel,True,True,matched,diatom,2017_2018,2018,18.0,20,3
Santiago,Santiago,Sao Miguel,True,True,matched,diatom,2024,2024,14.5,19,4
Santiago,Santiago,Sao Miguel,True,True,matched,diatom,2025,2025,14.25,16,4
Santiago,Santiago,Sao Miguel,True,True,matched,diatom,historical,2008,26.0,26,1
Santiago,Santiago,Sao Miguel,True,True,matched,diatom,historical,2009,28.0,28,1
Santiago,Santiago,Sao Miguel,True,True,matched,diatom,historical,2010,20.0,20,1
Santiago,Santiago,Sao Miguel,True,True,matched,diatom,historical,2011,24.0,24,1
Santiago,Santiago,Sao Miguel,True,True,matched,diatom,historical,2012,32.5,36,4
Santiago,Santiago,Sao Miguel,True,True,matched,macro,2018,2018,7.0,7,1
Santiago,Santiago,Sao Miguel,True,True,matched,macro,2024,2024,3.25,4,4
Santiago,Santiago,Sao Miguel,True,True,matched,macro,2025,2025,2.75,5,4
Santiago,Santiago,Sao Miguel,True,True,matched,macro,historical,2008,5.0,6,3
Santiago,Santiago,Sao Miguel,True,True,matched,macro,historical,2009,7.0,9,2
Santiago,Santiago,Sao Miguel,True,True,matched,macro,historical,2010,7.5,13,2
Santiago,Santiago,Sao Miguel,True,True,matched,macro,historical,2011,4.0,4,1
Santiago,Santiago,Sao Miguel,True,True,matched,macro,historical,2012,4.25,6,4
Santiago,Santiago,Sao Miguel,True,True,matched,macrophyte,historical,2011,9.0,9,1
Santiago,Santiago,Sao Miguel,True,True,matched,macrophyte,historical,2012,6.0,6,1
Santiago,Santiago,Sao Miguel,True,True,matched,phyto,2018,2018,18.5,23,4
Santiago,Santiago,Sao Miguel,True,True,matched,phyto,2024,2024,9.5,15,4
Santiago,Santiago,Sao Miguel,True,True,matched,phyto,2025,2025,6.25,9,4
Santiago,Santiago,Sao Miguel,True,True,matched,phyto,historical,2008,23.0,23,2
Santiago,Santiago,Sao Miguel,True,True,matched,phyto,historical,2009,17.5,21,2
Santiago,Santiago,Sao Miguel,True,True,matched,phyto,historical,2010,20.0,25,2
Santiago,Santiago,Sao Miguel,True,True,matched,phyto,historical,2011,16.75,19,4
Santiago,Santiago,Sao Miguel,True,True,matched,phyto,historical,2012,16.0,21,4
Santiago,Santiago,Sao Miguel,True,True,matched,zoo,2025,2025,5.0,5,1
Santiago,Santiago,Sao Miguel,True,True,matched,zoo,historical,2011,17.5,20,2
Santiago,Santiago,Sao Miguel,True,True,matched,zoo,historical,2012,13.0,15,2
Santo Cristo,Santo Cristo,Sao Jorge,False,False,recent_only,macro,2024,2024,4.0,5,2
Santo Cristo,Santo Cristo,Sao Jorge,False,False,recent_only,macro,2025,2025,5.0,5,1
Santo Cristo,Santo Cristo,Sao Jorge,False,False,recent_only,phyto,2024,2024,2.0,2,2
Santo Cristo,Santo Cristo,Sao Jorge,False,False,recent_only,phyto,2025,2025,1.0,1,1
Santo Cristo,Santo Cristo,Sao Jorge,False,False,recent_only,zoo,2025,2025,2.0,2,1
Sao Bras,São Brás,Sao Miguel,True,True,matched,diatom,2015,2015,47.0,47,1
Sao Bras,São Brás,Sao Miguel,True,True,matched,diatom,2016,2016,32.0,34,3
Sao Bras,São Brás,Sao Miguel,True,True,matched,diatom,2017_2018,2017,30.0,30,1
Sao Bras,São Brás,Sao Miguel,True,True,matched,diatom,2017_2018,2018,19.67,22,3
Sao Bras,São Brás,Sao Miguel,True,True,matched,diatom,2024,2024,28.75,39,4
Sao Bras,São Brás,Sao Miguel,True,True,matched,diatom,2025,2025,29.5,34,4
Sao Bras,São Brás,Sao Miguel,True,True,matched,diatom,historical,2003,29.0,29,1
Sao Bras,São Brás,Sao Miguel,True,True,matched,diatom,historical,2004,35.0,42,3
Sao Bras,São Brás,Sao Miguel,True,True,matched,diatom,historical,2005,19.5,29,2
Sao Bras,São Brás,Sao Miguel,True,True,matched,diatom,historical,2006,21.33,22,3
Sao Bras,São Brás,Sao Miguel,True,True,matched,diatom,historical,2007,34.0,34,1
Sao Bras,São Brás,Sao Miguel,True,True,matched,diatom,historical,2008,34.5,39,4
Sao Bras,São Brás,Sao Miguel,True,True,matched,diatom,historical,2009,33.0,33,2
Sao Bras,São Brás,Sao Miguel,True,True,matched,diatom,historical,2010,38.75,42,4
Sao Bras,São Brás,Sao Miguel,True,True,matched,diatom,historical,2011,31.0,36,4
Sao Bras,São Brás,Sao Miguel,True,True,matched,diatom,historical,2012,33.0,42,4
Sao Bras,São Brás,Sao Miguel,True,True,matched,macro,2018,2018,14.0,14,1
Sao Bras,São Brás,Sao Miguel,True,True,matched,macro,2024,2024,8.25,12,4
Sao Bras,São Brás,Sao Miguel,True,True,matched,macro,2025,2025,8.0,9,4
Sao Bras,São Brás,Sao Miguel,True,True,matched,macro,historical,2003,6.0,6,1
Sao Bras,São Brás,Sao Miguel,True,True,matched,macro,historical,2004,2.67,5,3
Sao Bras,São Brás,Sao Miguel,True,True,matched,macro,historical,2005,13.0,14,2
Sao Bras,São Brás,Sao Miguel,True,True,matched,macro,historical,2006,9.33,10,3
Sao Bras,São Brás,Sao Miguel,True,True,matched,macro,historical,2008,8.5,13,4
Sao Bras,São Brás,Sao Miguel,True,True,matched,macro,historical,2009,7.5,8,2
Sao Bras,São Brás,Sao Miguel,True,True,matched,macro,historical,2010,10.0,12,4
Sao Bras,São Brás,Sao Miguel,True,True,matched,macro,historical,2011,7.75,12,4
Sao Bras,São Brás,Sao Miguel,True,True,matched,macro,historical,2012,7.5,11,4
Sao Bras,São Brás,Sao Miguel,True,True,matched,macrophyte,historical,2010,11.0,11,1
Sao Bras,São Brás,Sao Miguel,True,True,matched,macrophyte,historical,2011,4.0,4,1
Sao Bras,São Brás,Sao Miguel,True,True,matched,macrophyte,historical,2012,14.0,14,1
Sao Bras,São Brás,Sao Miguel,True,True,matched,phyto,2018,2018,20.5,23,4
Sao Bras,São Brás,Sao Miguel,True,True,matched,phyto,2024,2024,11.25,19,4
Sao Bras,São Brás,Sao Miguel,True,True,matched,phyto,2025,2025,8.0,9,4
Sao Bras,São Brás,Sao Miguel,True,True,matched,phyto,historical,2003,27.0,27,1
Sao Bras,São Brás,Sao Miguel,True,True,matched,phyto,historical,2004,25.67,31,3
Sao Bras,São Brás,Sao Miguel,True,True,matched,phyto,historical,2005,22.0,24,2
Sao Bras,São Brás,Sao Miguel,True,True,matched,phyto,historical,2006,24.5,27,2
Sao Bras,São Brás,Sao Miguel,True,True,matched,phyto,historical,2007,26.0,26,1
Sao Bras,São Brás,Sao Miguel,True,True,matched,phyto,historical,2008,23.0,26,4
Sao Bras,São Brás,Sao Miguel,True,True,matched,phyto,historical,2009,22.0,22,2
Sao Bras,São Brás,Sao Miguel,True,True,matched,phyto,historical,2010,24.25,27,4
Sao Bras,São Brás,Sao Miguel,True,True,matched,phyto,historical,2011,25.25,30,4
Sao Bras,São Brás,Sao Miguel,True,True,matched,phyto,historical,2012,24.5,31,4
Sao Bras,São Brás,Sao Miguel,True,True,matched,zoo,2025,2025,6.0,6,1
Sao Bras,São Brás,Sao Miguel,True,True,matched,zoo,historical,2011,17.0,17,1
Verde,Verde,Sao Miguel,True,True,matched,diatom,2015,2015,38.0,38,1
Verde,Verde,Sao Miguel,True,True,matched,diatom,2016,2016,37.5,44,3
Verde,Verde,Sao Miguel,True,True,matched,diatom,2017_2018,2017,20.0,20,1
Verde,Verde,Sao Miguel,True,True,matched,diatom,2017_2018,2018,19.0,21,3
Verde,Verde,Sao Miguel,True,True,matched,diatom,2024,2024,28.5,34,4
Verde,Verde,Sao Miguel,True,True,matched,diatom,2025,2025,30.75,38,4
Verde,Verde,Sao Miguel,True,True,matched,diatom,historical,2003,35.0,35,1
Verde,Verde,Sao Miguel,True,True,matched,diatom,historical,2004,39.33,47,3
Verde,Verde,Sao Miguel,True,True,matched,diatom,historical,2005,28.67,31,3
Verde,Verde,Sao Miguel,True,True,matched,diatom,historical,2006,38.33,43,3
Verde,Verde,Sao Miguel,True,True,matched,diatom,historical,2008,34.75,41,4
Verde,Verde,Sao Miguel,True,True,matched,diatom,historical,2009,24.5,27,2
Verde,Verde,Sao Miguel,True,True,matched,diatom,historical,2010,31.75,36,4
Verde,Verde,Sao Miguel,True,True,matched,diatom,historical,2011,35.0,39,4
Verde,Verde,Sao Miguel,True,True,matched,diatom,historical,2012,29.75,34,4
Verde,Verde,Sao Miguel,True,True,matched,macro,2018,2018,15.0,15,1
Verde,Verde,Sao Miguel,True,True,matched,macro,2024,2024,10.5,15,4
Verde,Verde,Sao Miguel,True,True,matched,macro,2025,2025,9.75,13,4
Verde,Verde,Sao Miguel,True,True,matched,macro,historical,2003,5.0,5,1
Verde,Verde,Sao Miguel,True,True,matched,macro,historical,2004,7.67,8,3
Verde,Verde,Sao Miguel,True,True,matched,macro,historical,2005,10.67,12,3
Verde,Verde,Sao Miguel,True,True,matched,macro,historical,2006,12.33,14,3
Verde,Verde,Sao Miguel,True,True,matched,macro,historical,2008,14.25,18,4
Verde,Verde,Sao Miguel,True,True,matched,macro,historical,2009,12.0,13,2
Verde,Verde,Sao Miguel,True,True,matched,macro,historical,2010,11.75,16,4
Verde,Verde,Sao Miguel,True,True,matched,macro,historical,2011,15.75,20,4
Verde,Verde,Sao Miguel,True,True,matched,macro,historical,2012,15.5,20,4
Verde,Verde,Sao Miguel,True,True,matched,macrophyte,historical,2010,6.0,6,1
Verde,Verde,Sao Miguel,True,True,matched,macrophyte,historical,2011,2.0,2,1
Verde,Verde,Sao Miguel,True,True,matched,macrophyte,historical,2012,16.0,16,1
Verde,Verde,Sao Miguel,True,True,matched,phyto,2018,2018,23.5,30,4
Verde,Verde,Sao Miguel,True,True,matched,phyto,2024,2024,10.5,14,4
Verde,Verde,Sao Miguel,True,True,matched,phyto,2025,2025,8.5,11,4
Verde,Verde,Sao Miguel,True,True,matched,phyto,historical,2003,24.0,24,1
Verde,Verde,Sao Miguel,True,True,matched,phyto,historical,2004,26.33,28,3
Verde,Verde,Sao Miguel,True,True,matched,phyto,historical,2005,25.67,27,3
Verde,Verde,Sao Miguel,True,True,matched,phyto,historical,2006,21.67,24,3
Verde,Verde,Sao Miguel,True,True,matched,phyto,historical,2007,16.0,16,1
Verde,Verde,Sao Miguel,True,True,matched,phyto,historical,2008,16.25,19,4
Verde,Verde,Sao Miguel,True,True,matched,phyto,historical,2009,15.5,19,2
Verde,Verde,Sao Miguel,True,True,matched,phyto,historical,2010,23.5,36,4
Verde,Verde,Sao Miguel,True,True,matched,phyto,historical,2011,24.5,34,4
Verde,Verde,Sao Miguel,True,True,matched,phyto,historical,2012,22.75,27,4
Verde,Verde,Sao Miguel,True,True,matched,zoo,2025,2025,5.0,5,1
Verde,Verde,Sao Miguel,True,True,matched,zoo,historical,2011,5.5,6,2
Verde,Verde,Sao Miguel,True,True,matched,zoo,historical,2012,15.5,17,2
